# SU, 0-based Feature
0.11160761,4
0.02648978,0
