# SU, 0-based Feature
0.43059244,7
0.38202566,13
0.15876192,5
0.09313016,25
0.08536113,6
0.04737780,12
0.03776103,15
0.03698488,14
0.01516663,27
